ID,Region,First Nation,Water System Name,Type of advisory,Date Advisory Set,Long term advisory since,Date Advisory Lifted,EPHO recommendation to lift,Project Phase,Population,Corrective Measure,Longitude,Latitude
1711,ATLANTIC,Abegweit,Morell Public Water System ,Boil water advisory,2009-04-29,2010-04-29,2015-11-17,,Complete,0 to 100 people,"New water treatment system
",-62.90262,46.35793
1712,ATLANTIC,Abegweit,Rocky Point Public Water System ,Boil water advisory,2008-01-10,2009-01-10,2015-11-20,,Complete,0 to 100 people,New water treatment system,-62.90262,46.35793
1638,ATLANTIC,Natoaganeg,Big Hole Tract Public Water System ,Boil water advisory,2008-10-08,2009-10-08,2019-04-10,,Complete,0 to 100 people,"New water treatment plant

",-65.63306,46.9925
1713,ATLANTIC,Indian Island,Indian Island Band Office/Health Centre Semi-Public Water System ,Boil water advisory,2005-04-07,2006-04-07,2016-07-08,,Complete,Unknown,Water system improvements ,-64.79117,46.6893803
1715,ATLANTIC,Pabineau,Pabineau Public Water System ,Boil water advisory,2005-06-01,2006-06-01,2016-07-14,,Complete,0 to 100 people,"New water treatment system and reservoir
",-65.66912,47.53327
1716,ATLANTIC,Potlotek First Nation,Potlotek Public Water System ,Boil water advisory,2015-02-13,2016-02-13,2016-05-27,,Complete,501 to 1000 people,New treatment plant and operator training,-60.77267,45.69817
1714,ATLANTIC,Miawpukek,Conne River Public Water System ,Boil water advisory,2014-09-10,2015-09-10,2018-06-13,,Complete,501 to 1000 people,"Repairs/upgrades to treatment system and operator training
",-55.75569,47.86383
1487,ATLANTIC,Miawpukek,Conne River Public Water System - Bernard Road Area,Boil water advisory,2022-12-20,2023-12-20,2025-12-24,,Complete,101 to 500 people,Upgrades to treatment and distribution system,-55.744,47.867
1717,QUEBEC,Kitigan Zibi Anishinabeg,Nicolas Stevens Center Semi-Public Water System ,Do not consume advisory,1999-08-12,2000-08-12,2017-12-11,,Complete,Unknown, Effective monitoring and sampling ,-76.06362,46.363995
1718,QUEBEC,Kitigan Zibi Anishinabeg,Pakinawatik School Semi-Public Water System,Do not consume advisory,1999-08-12,2000-08-12,2017-12-11,,Complete,Unknown, Effective monitoring and sampling ,-76.06362,46.363995
1719,QUEBEC,Kitigan Zibi Anishinabeg,Wanaki Treatment Centre Semi-Public Water System,Do not consume advisory,1999-08-12,2000-08-12,2017-12-11,,Complete,Unknown, Effective monitoring and sampling ,-76.06362,46.363995
1824,ONTARIO,Chippewas of Nawash First Nation,Cape Croker Public Water System,Boil water advisory,2019-01-21,2020-01-21,,,Construction,501 to 1000 people,"New treatment plant and distribution system extension
",-81.0153,44.9471
1642,ONTARIO,Musk-kosiminiziibing,Big Grassy Public Water System ,Boil water advisory,2017-03-01,2018-03-01,2019-04-17,,Complete,101 to 500 people,"Maintenance and repairs
",-94.32186,49.06583
1832,ONTARIO,Anishnaabeg of Naongashiing,Anishnaabeg of Naongashiing Big Island (Saug-A-Gaw-Sing) Water Treatment System ,Boil water advisory,2019-02-15,2020-02-15,,,Complete,101 to 500 people,Replacement of treatment system,-94.308,49.122
1450,ONTARIO,Gakijiwanong Anishinaabe Nation,Lac La Croix Water Treatment System,Boil water advisory,2022-01-05,2023-01-05,,,Design,101 to 500 people,"Repairs and operational improvements; plant upgrade in longer-term

",-92.16116,48.37422
1651,ONTARIO,Gakijiwanong Anishinaabe Nation,Lac La Croix Public Water System ,Boil water advisory,2017-02-06,2018-02-06,2018-10-25,,Complete,101 to 500 people,Repairs and upgrades to treatment system,-92.16116,48.37422
1833,ONTARIO,Nigigoonsiminikaaning First Nation,Nigigoonsiminikaaning Public Water System,Boil water advisory,2019-02-05,2020-02-05,2020-09-30,,Complete,101 to 500 people,Upgrades to the treatment process,-92.91669,48.74999
1532,ONTARIO,Rainy River First Nations,Rainy River Public Water System,Boil water advisory,2024-02-06,2025-02-06,,,Construction,101 to 500 people,"Upgrade and expansion of the water treatment plant
",-93.906944,48.655
1371,ONTARIO,Mitaanjigamiing First Nation,Mitaanjigamiing First Nation Stanjikoming Water Treatment System ,Boil water advisory,2020-05-15,2021-05-15,2021-08-06,,Complete,101 to 500 people,"Upgrades to the existing treatment system
",-93.386263,48.710978
1683,ONTARIO,Wahta Mohawk,Wahta Administration/ Community Centre Semi-Public Water System ,Do not consume advisory,2013-09-11,2014-09-11,2021-03-31,,Complete,Unknown,"New well and point-of-entry treatment system
",-79.73028,45.01639
1546,ONTARIO,Shawanaga First Nation,Shawanaga Public Water System,Boil water advisory,2024-07-11,2025-07-11,,,Construction,101 to 500 people,Complete watermain repairs,80.284,45.517
1644,ONTARIO,Chippewas of Georgina Island,Georgina Island Public Water System ,Boil water advisory,2017-04-24,2018-04-24,,,Complete,101 to 500 people,"Upgrades to treatment system and distribution system
",-79.31287,44.37284
1654,ONTARIO,Mississaugas of Scugog Island First Nation,Scugog Community Water System 1 Public Water System ,Boil water advisory,2008-10-23,2009-10-23,2021-12-15,,Complete,0 to 100 people,New water treatment plant,-78.88061,44.19397
1727,ONTARIO,Mississaugas of Scugog Island First Nation,Scugog Apartments Well House 3 Public Water System ,Boil water advisory,2008-10-23,2009-10-23,2018-02-09,,Complete,0 to 100 people,Repairs to treatment system,-78.88061,44.19397
1657,ONTARIO,Mississaugas of Scugog Island First Nation,Scugog Health Centre Semi-Public Water System ,Boil water advisory,2008-10-23,2009-10-23,2021-12-15,,Complete,Unknown,New water treatment plant ,-78.88061,44.19397
1656,ONTARIO,Mississaugas of Scugog Island First Nation,Scugog Band Office Semi-Public Water System ,Boil water advisory,2008-10-23,2009-10-23,2021-12-15,,Complete,Unknown,New water treatment plant ,-78.88061,44.19397
1655,ONTARIO,Mississaugas of Scugog Island First Nation,Scugog Community Water System 2 Public Water System ,Boil water advisory,2008-10-23,2009-10-23,2021-12-15,,Complete,0 to 100 people,New water treatment plant,-78.88061,44.19397
1744,ONTARIO,Taykwa Tagamou Nation,Taykwa Tagamou Public Water System ,Boil water advisory,2011-04-14,2012-04-14,2016-10-28,,Complete,0 to 100 people,Improved filtration,-80.83298,49.00291
1541,ONTARIO,Weenusk,Peawanuck Public Water System,Boil water advisory,2024-05-03,2025-05-03,2025-10-14,,Complete,101 to 500 people,Operational improvements,-85.42101384,55.00878088
1685,ONTARIO,Weenusk,Peawanuck Public Water System (Non-Transient) ,Boil water advisory,2006-02-15,2007-02-15,2018-12-19,,Complete,101 to 500 people,"Upgrades to water treatment system  
",-85.42101,55.00878
1551,ONTARIO,Grassy Narrows First Nation,Grassy Narrows Public Water System,Boil water advisory,2024-08-29,2025-08-29,,,Design,501 to 1000 people,New water treatment plant,-94.00469,50.14904
1646,ONTARIO,Grassy Narrows First Nation,Grassy Narrows Public Water System ,Boil water advisory,2014-06-27,2015-06-27,2020-09-23,,Complete,501 to 1000 people,"Interim repairs and feasibility study to determine long-term solution
",-93.99201,50.15378
1800,ONTARIO,Wabaseemoong Independent Nations,Whitedog Public Water System,Boil water advisory,2017-08-11,2018-08-11,2021-12-06,,Complete,501 to 1000 people,"Upgrades and repairs to system
",-94.93545,50.16717
1472,ONTARIO,Wabaseemoong Independent Nations,Whitedog Public Water System,Boil water advisory,2022-07-20,2023-07-20,2023-08-11,,Complete,501 to 1000 people,Repairs and operational improvements,-94.93545,50.16717
1669,ONTARIO,Northwest Angle No.33,Elsie Blackhawk Pumphouse Public Water System ,Boil water advisory,2011-04-11,2012-04-11,2023-06-14,,Complete,0 to 100 people,New water treatment plant,-95.01585,49.36315
1667,ONTARIO,Northwest Angle No.33,East Pumphouse Plant Public Water System (part of Angle Inlet Public Water System) ,Boil water advisory,2011-04-11,2012-04-11,2023-06-14,,Complete,0 to 100 people,New water treatment plant,-95.01585,49.36315
1668,ONTARIO,Northwest Angle No.33,West Pumphouse Plant Public Water System (part of Angle Inlet Public Water System)  ,Do not consume advisory,2016-02-12,2017-02-12,2023-06-14,,Complete,0 to 100 people,New water treatment plant,-95.01585,49.36315
1671,ONTARIO,Animakee Wa Zhing #37,Windigo Island Public Water System ,Boil water advisory,2015-02-09,2016-02-09,2019-02-20,,Complete,0 to 100 people,"Interim Treatment System
",-93.97296,49.39471
1670,ONTARIO,Animakee Wa Zhing #37,Regina Bay Public Water System ,Boil water advisory,2002-09-26,2003-09-26,2020-09-03,,Complete,101 to 500 people,Upgrades to treatment systems,-93.97296,49.39471
1639,ONTARIO,Anishinabe of Wauzhushk Onigum,Bald Indian Bay Public Water System ,Boil water advisory,2012-05-11,2013-05-11,2021-03-09,,Complete,0 to 100 people,"Installation of centrally managed decentralized systems
",-94.44643,49.70772
1721,ONTARIO,Anishinabe of Wauzhushk Onigum,Migisi Treatment System Semi-Public Water System ,Boil water advisory,2008-05-26,2009-05-26,2017-12-08,,Complete,Unknown,New water treatment system ,-94.44643,49.70772
1776,ONTARIO,Anishinabe of Wauzhushk Onigum,Wauzhushk Onigum Public Water System ,Boil water advisory,2017-01-26,2018-01-26,2020-09-30,,Complete,101 to 500 people,MTSA with City of Kenoara and distribution upgrades,-94.44643,49.70772
1676,ONTARIO,Shoal Lake No.40,Pumphouse No. 1 Public Water System ,Boil water advisory,1997-02-18,1998-02-18,2021-09-15,,Complete,0 to 100 people,New water treatment plant,-95.13574,49.61399
1680,ONTARIO,Shoal Lake No.40,Pumphouse No. 5 Public Water System ,Boil water advisory,1997-02-18,1998-02-18,2021-09-15,,Complete,0 to 100 people,New water treatment plant,-95.13574,49.61399
1679,ONTARIO,Shoal Lake No.40,Pumphouse No. 4 Public Water System ,Boil water advisory,1997-02-18,1998-02-18,2021-09-15,,Complete,0 to 100 people,New water treatment plant,-95.13574,49.61399
1678,ONTARIO,Shoal Lake No.40,Pumphouse No. 3 Public Water System ,Boil water advisory,1997-02-18,1998-02-18,2021-09-15,,Complete,0 to 100 people,New water treatment plant,-95.13574,49.61399
1677,ONTARIO,Shoal Lake No.40,Pumphouse No. 2 Public Water System ,Boil water advisory,1997-02-18,1998-02-18,2021-09-15,,Complete,0 to 100 people,New water treatment plant,-95.13574,49.61399
1681,ONTARIO,Shoal Lake No.40,Pumphouse No. 9 Public Water System ,Boil water advisory,1997-02-18,1998-02-18,2021-09-15,,Complete,0 to 100 people,New water treatment plant,-95.13574,49.61399
1682,ONTARIO,Shoal Lake No.40,School Pumphouse Public Water System ,Boil water advisory,1997-02-18,1998-02-18,2021-10-21,,Complete,0 to 100 people,New water treatment plant,-95.13574,49.61399
1745,ONTARIO,Wabauskang First Nation,Wabauskang Public Water System ,Boil water advisory,2014-12-15,2015-12-15,2017-05-15,,Complete,101 to 500 people,Minor repairs to the plant ,-93.15667,50.40222
1435,ONTARIO,Wabigoon Lake Ojibway Nation,Wabigoon Lake Water Treatment System,Boil water advisory,2021-09-15,2022-09-15,2022-12-01,,Complete,201 to 500 people,"Repairs and upgrades to the treatment system
",-92.05333,49.59999
1720,ONTARIO,Alderville First Nation,Alderville Community Centre/Daycare Semi-Public Water System ,Boil water advisory,2013-05-29,2014-05-29,2016-02-11,,Complete,0 to 100 people,Repairs to treatment system,-78.08053,44.17606
1723,ONTARIO,Curve Lake,Curve Lake Seniors Complex Semi-Public Water System ,Boil water advisory,2016-07-20,2017-07-20,2018-06-06,,Complete,Unknown,"Repairs to treatment system
",-78.36074,44.48184
1659,ONTARIO,Mohawks of the Bay of Quinte,MBQ Airport Public Water System ,Boil water advisory,2003-10-17,2004-10-17,2021-12-21,,Complete,0 to 100 people,Extension of distribution system,-77.25589,44.14373
1662,ONTARIO,Mohawks of the Bay of Quinte,MBQ Trailer Park Public Water System ,Boil water advisory,2008-06-06,2009-06-06,2022-03-15,,Complete,0 to 100 people,Extension of distribution system,-77.25589,44.14373
1658,ONTARIO,Mohawks of the Bay of Quinte,All MBQ Semi-Public Water System ,Boil water advisory,2008-06-06,2009-06-06,2022-03-15,,Complete,Unknown,Extension of distribution system,-77.25589,44.14373
1661,ONTARIO,Mohawks of the Bay of Quinte,MBQ Clifford Maracle's Well Public Water Supply ,Boil water advisory,2012-01-20,2013-01-20,2021-12-21,,Complete,0 to 100 people,"Extension of distribution system
",-77.25589,44.14373
1660,ONTARIO,Mohawks of the Bay of Quinte,MBQ Bayview Variety Apartments Public Water System ,Boil water advisory,2008-06-06,2009-06-06,2022-03-15,,Complete,0 to 100 people,"Extension of distribution system
",-77.25589,44.14373
1452,ONTARIO,Mohawks of the Bay of Quinte,Mohawks of the Bay of Quinte Public Works Garage,Boil water advisory,2008-06-06,2009-06-06,2023-04-19,,Complete,Unknown,Distribution system extension,-77.1508,44.19169
1448,ONTARIO,Chippewas of the Thames First Nation,Chippewas of the Thames Water Treatment System,Boil water advisory,2021-12-14,2022-12-14,,,Feasibility,1001 or more people,"Feasibility study underway to identify solution

",-81.483333,42.833333
1534,ONTARIO,Munsee-Delaware Nation,Munsee-Delaware Containerized Public Water System,Do not consume advisory,2024-02-27,2025-02-27,,,Construction,101 to 500 people,Repairs to water treatment system,-81.483333,42.8
1236,ONTARIO,Oneida Nation of the Thames,Oneida Public Water System ,Boil water advisory,2019-09-26,2020-09-26,,,Design,1001 or more people,"Municipal-type service agreement with neighboring community
",-81.41669,42.83329
1722,ONTARIO,Constance Lake,Constance Lake Public Water System ,Boil water advisory,2014-04-10,2015-04-10,2016-09-16,,Complete,501 to 1000 people,New water treatment plant ,-84.14349,49.80633
1645,ONTARIO,Eabametoong First Nation,Eabametoong Public Water System ,Boil water advisory,2001-08-01,2002-08-01,,,Complete,1001 or more people,Expansion and upgrades to water treatment plant,-87.88806,51.5589
1653,ONTARIO,Martin Falls,Marten Falls Public Water System ,Boil water advisory,2005-07-18,2006-07-18,,,Complete,101 to 500 people,Treatment system replacement at existing plant and upgrades to facility,-85.92351,51.63206
1650,ONTARIO,Gull Bay,Gull Bay Public Water System ,Boil water advisory,2009-04-30,2010-04-30,,,Complete,101 to 500 people,New water treatment plant,-89.10656,49.80446
1728,ONTARIO,Netmizaaggamig Nishnaabeg,Pic Mobert South - Lower Reserve Public Water System ,Boil water advisory,2008-02-26,2009-02-26,2016-12-16,,Complete,101 to 500 people,"New centralized water treatment plant 
",-85.60874,48.69799
1729,ONTARIO,Netmizaaggamig Nishnaabeg,Pic Mobert North - Upper Reserve Public Water System ,Boil water advisory,2010-01-29,2011-01-29,2016-06-20,,Complete,Unknown,"New centralized water treatment plant 
",-85.60874,48.69799
1730,ONTARIO,Biinjitiwaabik Zaaging Anishinaabek,Rocky Bay Public Water System ,Boil water advisory,2015-08-10,2016-08-10,2016-08-11,,Complete,101 to 500 people,"Replacement of disinfection equipment
",-88.12989,49.43613
1732,ONTARIO,Serpent River,Serpent River Public Water System ,Boil water advisory,2015-09-01,2016-09-01,2017-11-08,,Complete,Unknown,"Replacement of membrane filters
",-82.46813,46.20207
1539,ONTARIO,Mishkeegogamang,63B Public Water System,Boil water advisory,2024-05-08,2025-05-08,,,Construction,1001 or more people,Repairs to water treatment system; upgrade and expansion in longer term,-90.238889,51.235
1725,ONTARIO,Mishkeegogamang,Ten Houses (63A) Public Water System,Boil water advisory,2015-03-09,2016-03-09,2017-03-28,,Complete,101 to 500 people,Improved monitoring,-90.22975,51.09183
1726,ONTARIO,Mishkeegogamang,New Osnaburgh (63B) Public Water System ,Boil water advisory,2016-10-18,2017-10-18,2017-12-19,,Complete,1001 or more people,Repairs to treatment system,-90.22975,51.09183
1207,ONTARIO,Mishkeegogamang,Ten Houses (63A) Public Water System,Boil water advisory,2019-06-10,2020-06-10,2021-10-14,,Complete,Unknown,"Upgrades to treatment system and new water treatment plant in longer-term


",-90.18329,51.21669
1393,ONTARIO,Mishkeegogamang,Ace Lake Public Water System,Boil water advisory,2020-09-08,2021-09-08,2022-07-18,,Complete,Unknown,"Upgrades to treatment system
",-90.30237732,51.07020127
1394,ONTARIO,Mishkeegogamang,Mishkeegogamang 63B Public Water System,Boil water advisory,2021-01-07,2022-01-07,2024-01-19,,Complete,201 to 500 people,"Maintenance, repairs and operational improvements
",-90.18329,51.21669
1247,ONTARIO,Mishkeegogamang,New Osnaburgh (63B) Public Water System,Boil water advisory,2019-10-07,2020-10-07,2020-11-09,,Complete,1001 or more people,"
Minor repairs and improved monitoring

",-90.18329,51.21669
1362,ONTARIO,North Caribou Lake,North Caribou Lake Water Treatment System,Boil water advisory,2020-03-03,2021-03-03,,2024-04-15,Complete,501 to 1000 people,Interim package plant; Operational improvements; Upgrades and expansion of water treatment plant in longer-term,-91.02667,52.95
1652,ONTARIO,Lac Seul,Kejick Bay Public Water System ,Boil water advisory,2003-02-14,2004-02-14,2020-01-07,,Complete,Unknown,"New water treatment plant
",-92.30026,50.2926
1641,ONTARIO,Bearskin Lake,Bearskin Lake Semi Public Water Systems – Public Buildings (4 cisterns),Boil water advisory,2006-03-21,2007-03-21,,,Complete,0 to 100 people,"Installation of cistern at affected building and longer-term plant upgrade and expansion
",-90.95472,53.89194
1361,ONTARIO,Bearskin Lake,Bearskin Lake Nursing Station Semi Private Water System ,Boil water advisory,2020-02-26,2021-02-26,,,Construction,0 to 100 people,"New treatment unit for the well
",-90.970081,53.924975
1531,ONTARIO,Pikangikum,Pikangikum Public Water System,Boil water advisory,2024-02-08,2025-02-08,,,Complete,1001 or more people,Repairs to system and operational improvements,-94,51.8
1674,ONTARIO,Pikangikum,Pikangikum Public Water System ,Boil water advisory,2016-12-14,2017-12-14,2018-09-17,,Complete,1001 or more people,Upgrades and maintenance,-93.99465,51.80051
1675,ONTARIO,Sandy Lake,Sandy Lake Public Water System ,Boil water advisory,2002-10-10,2003-10-10,,2024-07-22,Complete,1001 or more people,Repairs and operational improvements; plant upgrade and expansion in longer-term,-93.32766,53.06309
1663,ONTARIO,Muskrat Dam Lake,Muskrat Dam Public Water System ,Boil water advisory,2003-10-24,2004-10-24,,,Complete,101 to 500 people,"Upgrades to filtration and disinfection systems
",-91.77995,53.40402
1227,ONTARIO,Sachigo Lake,Sachigo Lake Public Water System,Boil water advisory,2016-06-07,2017-06-07,2018-04-20,,Complete,101 to 500 people,Repairs to treatment system,-92.17937,53.87427
1731,ONTARIO,Sachigo Lake,Sachigo Lake Public Water System ,Boil water advisory,2018-10-19,2019-10-19,2022-10-12,,Complete,101 to 500 people,"Plant upgrade and expansion
",-92.17937,53.87427
1564,ONTARIO,Fort Severn,Fort Severn Public Water System,Boil water advisory,2024-12-24,,,,Construction,101 to 500 people,"Operational improvements, complete necessary repairs
",-87.633255,55.99058935
1827,ONTARIO,Fort Severn,Fort Severn Public Water System,Boil water advisory,2019-02-04,2020-02-04,2020-09-25,,Complete,101 to 500 people,Repairs to the distribution system and reservoir upgrades,-87.63329,55.98329
1449,ONTARIO,Fort Severn,Fort Severn Water Treatment System,Boil water advisory,2021-12-29,2022-12-29,2024-10-09,,Complete,501 to 1000 people,"Repairs to system and upgrades to system in longer-term
",-87.63329,55.98329
1536,ONTARIO,Cat Lake,Cat Lake Children's Healing Centre Semi-Public Water System,Boil water advisory,2024-03-11,2025-03-11,,,Complete,Unknown,Installation of point-of-entry treatment and operational improvements,-91.828611,51.727778
1643,ONTARIO,Cat Lake,Cat Lake Children's Healing Centre Semi-Public Water System ,Boil water advisory,2006-10-13,2007-10-13,2018-12-17,,Complete,Unknown,New water treatment system,-91.82861,51.72778
1515,ONTARIO,Wawakapewin,Long Dog Public Water System ,Boil water advisory,2023-07-21,2024-07-21,,,Initial Assessment,0 to 100 people,Repairs and operational improvements,-89.14168,53.45238
1684,ONTARIO,Wawakapewin,Long Dog Public Water System ,Boil water advisory,2004-03-03,2005-03-03,2022-04-20,,Complete,0 to 100 people,"New wells and package treatment plant
",-89.14168,53.45238
1673,ONTARIO,Washagamis Bay,Washagamis Bay West Public Water System ,Boil water advisory,2008-12-19,2009-12-19,2021-09-18,2020-08-12,Complete,0 to 100 people,"Interim upgrades and new treatment plant in longer-term
",-94.58714,49.71451
1672,ONTARIO,Washagamis Bay,Washagamis Bay East Public Water System ,Boil water advisory,2008-12-19,2009-12-19,2021-09-18,2021-01-04,Complete,0 to 100 people,"Interim upgrades and new treatment plant in longer-term
",-94.58714,49.71451
1272,ONTARIO,Deer Lake,Deer Lake Public Water System,Boil water advisory,2019-10-15,2020-10-15,,,Complete,501 to 1000 people,"Improved operations and monitoring; feasibility study to determine long-term solution

",-94.00667,52.06167
1724,ONTARIO,Deer Lake,Nursing Station Semi-Public Water System ,Boil water advisory,2001-11-01,2002-11-01,2018-04-23,,Complete,Unknown,Repairs to treatment system,-94.07528,52.6375
1203,ONTARIO,North Spirit Lake,North Spirit Lake Public Water System ,Boil water advisory,2019-04-05,2020-04-05,,,Complete,101 to 500 people,"Maintenance and repairs, operational improvements

",-93.01459,52.50942
1666,ONTARIO,North Spirit Lake,North Spirit Lake Public Water System ,Boil water advisory,2001-08-01,2002-08-01,2019-02-27,,Complete,101 to 500 people,"Repairs and upgrades to plant and distribution system
",-93.01459,52.50942
1664,ONTARIO,Neskantaga First Nation,Neskantaga Public Water System ,Boil water advisory,1995-02-01,1996-02-01,,,Construction,101 to 500 people,Upgrade and expansion of existing treatment plant,-88.01144,52.20458
1746,ONTARIO,Webequie,Webequie Public Water System ,Boil water advisory,2016-04-08,2017-04-08,2018-04-24,,Complete,501 to 1000 people,"Repairs to distribution system and reservoir
",-87.3603,52.98405
1665,ONTARIO,Nibinamik First Nation,Nibinamik Public Water System ,Boil water advisory,2013-02-05,2014-02-05,,,Construction,101 to 500 people,"Upgrade and expansion of existing treatment plant
",-88.51613,52.74551
1804,ONTARIO,Ojibway Nation of Saugeen,Saugeen Health Clinic Semi-Public Water System,Boil water advisory,2018-04-26,2019-04-26,2022-02-16,,Complete,Unknown,"Repairs to well and installation of point-of-entry treatment sytsems
",-90.7650735,50.4291717
1805,ONTARIO,Ojibway Nation of Saugeen,Saugeen School Semi-Public Water System,Boil water advisory,2018-04-27,2019-04-27,2022-01-24,,Complete,Unknown,"Repairs to well and installation of point-of-entry treatment systems
",-90.7650735,50.4291717
1507,ONTARIO,Slate Falls Nation,Slate Falls Public Water System,Boil water advisory,2023-06-08,2024-06-08,,,Complete,101 to 500 people,"Repairs and operational improvements

",-91.618,51.149
1733,ONTARIO,Slate Falls Nation,Band office/Clinic Semi-Public Water System ,Boil water advisory,2004-07-07,2005-07-07,2018-02-05,,Complete,Unknown,New water treatment plant,-91.61824,51.14938
1734,ONTARIO,Slate Falls Nation,Pumphouse No. 1 Public Water System ,Boil water advisory,2004-07-07,2005-07-07,2018-02-05,,Complete,0 to 100 people,New water treatment plant,-91.61824,51.14938
1735,ONTARIO,Slate Falls Nation,Pumphouse No. 2 Public Water System ,Boil water advisory,2004-07-07,2005-07-07,2018-02-05,,Complete,0 to 100 people,New water treatment plant,-91.61824,51.14938
1736,ONTARIO,Slate Falls Nation,Pumphouse No. 3 Public Water System ,Boil water advisory,2004-07-07,2005-07-07,2018-02-05,,Complete,0 to 100 people,New water treatment plant,-91.61824,51.14938
1737,ONTARIO,Slate Falls Nation,Pumphouse No. 4 Public Water System ,Boil water advisory,2004-07-07,2005-07-07,2018-02-05,,Complete,0 to 100 people,New water treatment plant,-91.61824,51.14938
1738,ONTARIO,Slate Falls Nation,Pumphouse No. 5 Public Water System ,Boil water advisory,2004-07-07,2005-07-07,2018-02-05,,Complete,0 to 100 people,New water treatment plant,-91.61824,51.14938
1739,ONTARIO,Slate Falls Nation,Pumphouse No. 6 Public Water System ,Boil water advisory,2004-07-07,2005-07-07,2018-02-05,,Complete,0 to 100 people,New water treatment plant,-91.61824,51.14938
1740,ONTARIO,Slate Falls Nation,Pumphouse No. 7 Public Water System ,Boil water advisory,2004-07-07,2005-07-07,2018-02-05,,Complete,0 to 100 people,New water treatment plant,-91.61824,51.14938
1741,ONTARIO,Slate Falls Nation,Pumphouse No. 8 Public Water System ,Boil water advisory,2004-07-07,2005-07-07,2018-02-05,,Complete,0 to 100 people,New water treatment plant,-91.61824,51.14938
1742,ONTARIO,Slate Falls Nation,Pumphouse No. 9 Public Water System ,Boil water advisory,2004-07-07,2005-07-07,2018-02-05,,Complete,0 to 100 people,New water treatment plant,-91.61824,51.14938
1743,ONTARIO,Slate Falls Nation,Warehouse Semi-Public Water System ,Boil water advisory,2004-07-07,2005-07-07,2018-02-05,,Complete,0 to 100 people,New water treatment plant,-91.61824,51.14938
1747,MANITOBA,Hollow Water,Hollow Water Public Water System ,Boil water advisory,2016-12-20,2017-12-20,2018-05-02,,Complete,501 to 1000 people,"Expansion and upgrade of plant
",-96.30229,51.19238
1542,MANITOBA,Berens River,Berens River Public Water System,Boil water advisory,2024-05-08,2025-05-08,,,Construction,1001 or more people,Upgrades to water treatment system,-96.9675,52.3431
1748,MANITOBA,Kinonjeoshtegon First Nation, Kinonjeoshtegon Public Water System ,Boil water advisory,2016-07-07,2017-07-07,2017-12-21,,Complete,0 to 100 people,"Upgrades to treatment system
",-97.31095,51.91709
1749,MANITOBA,Kinonjeoshtegon First Nation,Kinonjeoshtegon Band Office/Health Centre Semi-Public Water System ,Boil water advisory,2017-04-13,2018-04-13,2018-06-22,,Complete,Unknown,"Connection to nearby pumphouse
",-97.31095,51.91709
1750,MANITOBA,Lake Manitoba,Lake Manitoba Band Office Semi-Public Water System ,Boil water advisory,2014-06-23,2015-06-23,2016-03-23,,Complete,Unknown,Repairs to well,-98.607,50.94718
1751,MANITOBA,Lake Manitoba,Lake Manitoba Public Water System ,Boil water advisory,2016-04-06,2017-04-06,2017-05-08,,Complete,101 to 500 people,Improved disinfection process,-98.607,50.94718
1211,MANITOBA,Lake Manitoba,Lake Manitoba Jordan's principle Building Semi Public Well,Boil water advisory,2019-06-13,2020-06-13,2020-12-23,,Complete,0 to 100 people,A new well in place ,-98.580553,50.907992
1688,MANITOBA,Pinaymootang First Nation,Pinaymootang Arena Semi-Public Water System ,Boil water advisory,2015-08-17,2016-08-17,2019-04-17,,Complete,Unknown,"Connection to main community water system
",-98.69222,51.59861
1238,MANITOBA,Little Saskatchewan,Little Saskatchewan Band Office Semi-Public Water System,Boil water advisory,2019-09-26,2020-09-26,2021-03-23,,Complete,Unknown,Relocate affected building and connect to centralized system,-98.631985,51.729594
1518,MANITOBA,Waywayseecappo First Nation Treaty Four - 1874,Waywayseecappo Valley Public Water System (Commercial Area),Do not consume advisory,2023-09-28,2024-09-28,,,Construction,1001 or more people,Upgrades and repairs to system and new water treatment plant in longer-term,-100.876585,50.713571
1686,MANITOBA,Canupawakpa Dakota First Nation,Canupawakpa Community Complex Semi-Public Water System ,Boil water advisory,2014-03-26,2015-03-26,2018-09-28,,Complete,Unknown,Upgrades and repairs to system,-100.93278,49.62389
1509,MANITOBA,Tootinaowaziibeeng Treaty Reserve,Tootinaowaziibeeng Public Water System ,Do not consume advisory,2023-07-04,2024-07-04,,,Construction,501 to 1000 people,"Upgrades and repairs to system and new water treatment plant in longer-term 
",-100.972736,51.22785195
1687,MANITOBA,God's Lake First Nation,God's Lake Austin Nazzie Pump House Public Water System ,Do not consume advisory,2005-04-24,2006-04-24,2019-07-29,,Complete,0 to 100 people,"Upgrades to treatment system
",-94.5875,54.53222
1689,MANITOBA,Tataskweyak Cree Nation,Tataskweyak Cree Public Water System ,Boil water advisory,2017-05-17,2018-05-17,,,Complete,1001 or more people,"New water source, new water treatment plant",-96.09506,56.24514
1821,MANITOBA,Shamattawa First Nation,Shamattawa Public Water System,Boil water advisory,2018-12-06,2019-12-06,,,Construction,1001 or more people,"Upgrades to system and a longer-term plant upgrade and expansion
",-92.0984,55.8617
1391,MANITOBA,Mathias Colomb,Mathias Colomb Townsite Public Water System,Boil water advisory,2020-09-17,2021-09-17,,,Construction,1001 or more people,"Upgrade and expand water treatment plant
",-101.31684,55.7421184
1215,MANITOBA,Sapotaweyak Cree Nation,Sapotaweyak Water Treatment Plant,Boil water advisory,2019-07-10,2020-07-10,2021-05-20,2021-05-20,Complete,501 to 1000 people,"Interim repairs to plant and, in longer-term, new water treatment plant 
",-100.4599,52.7457
1690,MANITOBA,Wuskwi Sipihk First Nation,Wuskwi Sipihk Public Water System ,Boil water advisory,2014-04-24,2015-04-24,2020-07-30,,Complete,0 to 100 people,"New water treatment plant
",-100.87052,52.50907
1752,MANITOBA,Pauingassi First Nation,Pauingassi Public Water System ,Boil water advisory,2014-09-24,2015-09-24,2018-03-16,,Complete,501 to 1000 people,Upgrade and expansion of treatment plant,-95.37413,52.15761
1817,SASKATCHEWAN,Little Pine,Little Pine Public Water System,Boil water advisory,2018-11-14,2019-11-14,,,Complete,501 to 1000 people,"Upgrades and repairs to system; operational improvements
",-107.2375,53.00416
1760,SASKATCHEWAN,Poundmaker,Poundmaker Public Water System ,Boil water advisory,2009-08-19,2010-08-19,2018-03-20,,Complete,0 to 100 people,"Improved in-house water storage
",-108.97431,52.89611
1761,SASKATCHEWAN,Poundmaker,TLE Community Public Water System ,Boil water advisory,2006-12-15,2007-12-15,2017-04-21,,Complete,0 to 100 people,"Improved operation and monitoring
",-108.97431,52.89611
1763,SASKATCHEWAN,Sweetgrass,Sweetgrass Public Water System ,Boil water advisory,2002-01-11,2003-01-11,2017-01-26,,Complete,0 to 100 people,"Improved distribution system disinfection
",-108.71593,52.76546
1516,SASKATCHEWAN,Sweetgrass,Sweet Grass No. 113/ Sweetgrass Public Water System,Boil water advisory,2023-09-07,2024-09-07,2025-05-29,,Complete,501 to 1000 people,"Water treatment plant upgrade

",-108.71593,52.76546
1754,SASKATCHEWAN,Cumberland House Cree Nation,Pemmican Portage Public Water System ,Boil water advisory,2015-03-18,2016-03-18,2016-04-20,,Complete,501 to 1000 people,"Water treatment plant repairs
",-102.28493,53.94193
1755,SASKATCHEWAN,Cumberland House Cree Nation,Cumberland No. 20 Reserve Centre ,Boil water advisory,2015-03-18,2016-03-18,2016-08-02,,Complete,0 to 100 people,"Water treatment plant repairs
",-102.28493,53.94193
1788,SASKATCHEWAN,Fond du Lac,Fond du Lac Denesuline Public Water System ,Boil water advisory,2017-07-16,2018-07-16,2018-10-19,,Complete,1001 or more people,"Upgrades to treatment system

",-107.88886,59.12322
1413,SASKATCHEWAN,Montreal Lake,Little Red River Public Water System,Do not consume advisory,2021-05-28,2022-05-28,2023-01-30,,Complete,501 to 1000 people,"Repairs and operational improvements; plant upgrade in longer-term


",-106.05277,53.53056
1759,SASKATCHEWAN,Peter Ballantyne Cree Nation,Pelican Narrows Semi-Public Water System ,Boil water advisory,2015-08-25,2016-08-25,2017-11-07,,Complete,Unknown,"Improved operation and maintenance
",-102.93417,55.1724
1226,SASKATCHEWAN,Peter Ballantyne Cree Nation,Chief Joseph Custer #201 (Opawakoscikan Reserve #201) ,Boil water advisory,2019-08-20,2020-08-20,2021-03-22,,Complete,0 to 100 people,"Distribution system upgrades
",-102.887,55.168
1762,SASKATCHEWAN,Red Earth,Red Earth Cree Nation Public Water System ,Boil water advisory,2016-06-24,2017-06-24,2018-03-02,,Complete,1001 or more people,"Repairs and upgrades to treatment system
",-102.86114,53.49095
1692,SASKATCHEWAN,Black Lake,Black Lake Public Water System ,Boil water advisory,2013-04-19,2014-04-19,2021-01-23,,Complete,1001 or more people,"Upgrades to treatment plant
",-105.60264,59.13025
1753,SASKATCHEWAN,Cowessess,Marieval (lower subdivision) Public Water System ,Boil water advisory,2017-02-15,2018-02-15,2018-03-22,,Complete,101 to 500 people,"Water treatment plant repairs
",-102.66013,50.51636
1756,SASKATCHEWAN,Kahkewistahaw,Kahkewistahaw Public Water System ,Boil water advisory,2015-06-03,2016-06-03,2017-10-31,,Complete,101 to 500 people,"Water treatment plant repairs
",-102.53144,50.49124
1402,SASKATCHEWAN,Zagime Anishinabek,Zagime Public Water System,Do not consume advisory,2021-02-24,2022-02-24,2022-07-14,,Complete,201 to 500 people,"Installation of a temporary treatment system and longer-term upgrades to the water treatment plant
",-102.78526,50.56298
1698,SASKATCHEWAN,White Bear,White Bear Public Water System ,Boil water advisory,2011-09-20,2012-09-20,2021-06-15,,Complete,501 to 1000 people,"New water treatment plant
",-102.27037,49.75176
1757,SASKATCHEWAN,Nekaneet,Nekaneet Public Water System ,Boil water advisory,2013-08-26,2014-08-26,2016-04-06,,Complete,101 to 500 people, Effective monitoring and sampling ,-109.19816,49.67516
1758,SASKATCHEWAN,Nekaneet,Upper Camp Public Water System ,Boil water advisory,2013-08-26,2014-08-26,2016-11-30,,Complete,0 to 100 people,"Commissioning of new treatment plant
",-109.19816,49.67516
1801,SASKATCHEWAN,Nekaneet,Upper Camp Public Water System,Boil water advisory,2017-10-26,2018-10-26,2019-03-04,,Complete,0 to 100 people,"Upgrades to treatment system
",-109.1981607,49.67516372
1389,SASKATCHEWAN,Okanese,Okanese Public Water System ,Boil water advisory,2020-08-28,2021-08-28,,,Complete,201 to 500 people,"New water treatment plant
",-103.35438,50.93548
1696,SASKATCHEWAN,Peepeekisis Cree Nation No.81,Poitras Well ,Boil water advisory,2013-04-10,2014-04-10,,2018-07-20,Complete,0 to 100 people,Repairs to system; upgrades to system in longer-term,-103.33924,50.86519
1695,SASKATCHEWAN,Peepeekisis Cree Nation No.81,Peepeekis Main Public Water System ,Boil water advisory,2015-02-05,2016-02-05,,2018-07-20,Complete,501 to 1000 people,"Repairs to system; upgrades to system in longer-term

",-103.33924,50.86519
1810,SASKATCHEWAN,Standing Buffalo,Standing Buffalo Public Water System ,Boil water advisory,2018-05-09,2019-05-09,2019-07-10,,Complete,101 to 500 people,Upgrades and repairs to system,-103.9705198,50.8235608
1697,SASKATCHEWAN,Star Blanket Cree Nation,Star Blanket Public Water System ,Boil water advisory,2007-01-10,2008-01-10,2024-06-28,,Complete,101 to 500 people,"New water treatment plant
",-103.30419,50.96244
1563,SASKATCHEWAN,Ministikwan Lake Cree Nation,Ministikwan No. 161 Public Water System / Ministikwan No. 161A - Mudie Lake,Boil water advisory,2024-12-17,2025-12-17,,,Construction,1001 or more people,"Complete repairs to treatment system and optimize plant operation
",-109.6696719,54.05001563
1365,SASKATCHEWAN,Ministikwan Lake Cree Nation,Ministikwan Lake Public Water System ,Boil water advisory,2020-03-09,2021-03-09,2022-07-11,,Complete,501 to 1000 people,Plant upgrades and distribution system repairs,-109.63656,53.99734
1691,SASKATCHEWAN,Big Island Lake Cree Nation,Big Island Lake Public Water System ,Boil water advisory,2013-08-20,2014-08-20,2018-06-25,,Complete,501 to 1000 people,"Repairs to treatment system; Improved operation and maintenance
",-109.62092,54.41121
1506,SASKATCHEWAN,English River First Nation,La Plonge No.192 Public Water System,Boil water advisory,2023-05-14,2024-05-14,2024-11-07,2024-11-07,Complete,101 to 500 people,"Upgrades to the water treatment system
",-107.59366,55.23812
1765,ALBERTA,Kapawe'no First Nation,Narrow's Semi-Public Water System ,Boil water advisory,2009-09-29,2010-09-29,2018-04-16,,Complete,Unknown,"Monitoring and reporting improvements
",-116.15486,55.54863
1700,ALBERTA,Whitefish Lake,Whitefish River Public Water System ,Boil water advisory,2011-05-24,2012-05-24,2018-07-03,,Complete,101 to 500 people,New water treatment plant,-115.64807,55.9189
1764,ALBERTA,Frog Lake,Frog Lake Head Start Building Semi-Public Water Supply ,Boil water advisory,2016-02-25,2017-02-25,2017-11-16,,Complete,0 to 100 people,"Connection to community water system
",-110.41667,53.83167
1699,ALBERTA,Kehewin Cree Nation,Kehewin Public Water System ,Boil water advisory,2011-04-23,2012-04-23,2020-09-10,,Complete,1001 or more people,New water treatment plant,-110.85709,54.11609
1705,BRITISH COLUMBIA,Semiahmoo,Semiahmoo Community Water System ,Boil water advisory,2005-10-13,2006-10-13,2021-03-31,,Complete,0 to 50 people,"New connection to City of Surrey and repairs to distribution system
",-122.77774,49.01453
1772,BRITISH COLUMBIA,T'it'q'et,Seton Lake Cabins Community Water System ,Boil water advisory,2007-07-24,2008-07-24,2017-08-17,,Complete,0 to 50 people,"Upgrades and repairs to system
",-121.94215,50.67821
1774,BRITISH COLUMBIA,Tsal'alh,Spider Creek Community Water System ,Boil water advisory,2016-11-30,2017-11-30,2018-02-05,,Complete,0 to 50 people,Upgrades to treatment system,-122.27861,50.70583
1768,BRITISH COLUMBIA,Lower Similkameen,Blind Creek Community Water System ,Boil water advisory,2016-05-07,2017-05-07,2017-05-08,,Complete,0 to 50 people,"Maintenance of system
",-119.7238,49.05143
1770,BRITISH COLUMBIA,Shuswap Band,Stoddart Creek Community Water System ,Boil water advisory,2014-05-12,2015-05-12,2016-06-30,,Complete,0 to 50 people,Water system improvements ,-116.00726,50.51586
1706,BRITISH COLUMBIA,Stellat'en First Nation,Stellaquo Community Water System ,Do not consume advisory,2012-03-13,2013-03-13,2019-04-01,,Complete,101 to 200 people,"Upgrade water treatment process 
",-124.91111,54.0638
1707,BRITISH COLUMBIA,Tl'azt'en Nation,Dzitl'ainli (Middle River Community Water System) ,Boil water advisory,2005-01-07,2006-01-07,2018-11-16,,Complete,0 to 50 people,"New water treatment plant
",-124.72357,54.65587
1704,BRITISH COLUMBIA,Cowichan,Dougans Lake Community Water System ,Boil water advisory,2011-06-29,2012-06-29,2018-09-12,,Complete,0 to 50 people,"Connection to regional distribution system
",-123.61667,48.73333
1701,BRITISH COLUMBIA,Adams Lake,Doug Arnouse Community Water System ,Boil water advisory,2009-04-23,2010-04-23,2018-09-13,,Complete,0 to 50 people,"Water system improvements 
",-119.66944,50.95417
1703,BRITISH COLUMBIA,Bonaparte First Nation,Morgan/Upper Hat Creek ,Boil water advisory,2006-02-09,2007-02-09,2020-08-28,,Complete,0 to 50 people,"New water treatment plant
",-121.38529,50.84215
1771,BRITISH COLUMBIA,Siska,Siska Flat 5 and 5A Community Water System ,Do not consume advisory,2012-05-23,2013-05-23,2017-04-24,,Complete,0 to 50 people,"New well connected to system
",-121.57155,50.13635
1766,BRITISH COLUMBIA,Tŝideldel First Nation,Alexis Creek Community Water System ,Boil water advisory,2003-10-15,2004-10-15,2016-10-21,,Complete,201 to 500 people,"New water treatment plant 
",-123.95209,52.13858
1702,BRITISH COLUMBIA,Tŝideldel First Nation,Michel Gardens Community Water System ,Boil water advisory,1999-04-01,2000-04-01,2018-10-12,,Complete,0 to 50 people,"Water system improvements 
",-123.28333,52.08333
1767,BRITISH COLUMBIA,Esk'etemc,Esket Community Water System ,Boil water advisory,2004-10-21,2005-10-21,2016-03-22,,Complete,501 to 1000 people,"New water treatment plant 
",-122.23645,51.78866
1710,BRITISH COLUMBIA,Xeni Gwet'in First Nations Government,Lohbiee Community Water System ,Boil water advisory,2001-05-01,2002-05-01,2018-12-11,,Complete,201 to 500 people,"New water treatment system 
",-124.09563,51.41537
1709,BRITISH COLUMBIA,Xeni Gwet'in First Nations Government,Carrot Creek/James Lulua Community Water System ,Boil water advisory,2001-10-18,2002-10-18,2021-03-09,,Complete,0 to 50 people,"Installation of point-of-use systems and implementation of monitoring

",-124.11427,51.41252
1773,BRITISH COLUMBIA,Tl’esqox,Toosey Community Water System ,Boil water advisory,2004-11-25,2005-11-25,2017-05-08,,Complete,101 to 200 people,New water treatment plant,-122.50232,51.93182
1775,BRITISH COLUMBIA,Williams Lake First Nation,Sugar Cane Williams Lake Community Water System ,Boil water advisory,2006-07-31,2007-07-31,2015-11-30,,Complete,201 to 500 people,New water treatment plant,-121.99391,52.1083
1769,BRITISH COLUMBIA,Nazko First Nation,Nazko Community Water System ,Do not consume advisory,1999-01-01,2000-01-01,2015-11-20,,Complete,0 to 50 people,"New water treatment plant
",-123.58066,52.94126
1708,BRITISH COLUMBIA,Wet'suwet'en First Nation,Palling Community Water System ,Do not consume advisory,2012-03-13,2013-03-13,2021-03-18,,Complete,51 to 100 people,"Upgrades to treatment process and feasibility study to determine long-term solution
",-125.88823,54.33072
,,,,,,,,,,,,,
 Data from : 2025-12-24,,,,,,,,,,,,,
